,Symbol
0,AACG
1,AACI
2,AACIW
3,AADI
4,AAL
5,AAME
6,AAOI
7,AAON
8,AAPL
9,ABCB
10,ABCL
11,ABCM
12,ABEO
13,ABIO
14,ABNB
15,ABOS
16,ABSI
17,ABST
18,ABUS
19,ABVC
20,ACAB
21,ACABW
22,ACAC
23,ACACU
24,ACACW
25,ACAD
26,ACAH
27,ACAHW
28,ACAX
29,ACAXR
30,ACAXU
31,ACAXW
32,ACB
33,ACBA
34,ACBAU
35,ACBAW
36,ACCD
37,ACDC
38,ACDCW
39,ACER
40,ACET
41,ACGL
42,ACGLN
43,ACGLO
44,ACGN
45,ACHC
46,ACHL
47,ACHV
48,ACIU
49,ACIW
50,ACLS
51,ACLX
52,ACMR
53,ACNB
54,ACNT
55,ACON
56,ACONW
57,ACOR
58,ACRS
59,ACRV
60,ACRX
61,ACST
62,ACT
63,ACTG
64,ACVA
65,ACXP
66,ADAG
67,ADAL
68,ADALW
69,ADAP
70,ADBE
71,ADD
72,ADEA
73,ADER
74,ADERW
75,ADES
76,ADI
77,ADIL
78,ADILW
79,ADMA
80,ADMP
81,ADN
82,ADNWW
83,ADOC
84,ADOCR
85,ADOCW
86,ADP
87,ADPT
88,ADSE
89,ADSEW
90,ADSK
91,ADTH
92,ADTHW
93,ADTN
94,ADTX
95,ADUS
96,ADV
97,ADVM
98,ADVWW
99,ADXN
100,AEAE
101,AEAEU
102,AEAEW
103,AEHL
104,AEHR
105,AEI
106,AEIS
107,AEMD
108,AEP
109,AEPPZ
110,AEY
111,AEYE
112,AEZS
113,AFAR
114,AFARU
115,AFARW
116,AFBI
117,AFCG
118,AFIB
119,AFMD
120,AFRI
121,AFRIW
122,AFRM
123,AFYA
124,AGAE
125,AGBA
126,AGBAW
127,AGEN
128,AGFY
129,AGIL
130,AGILW
131,AGIO
132,AGLE
133,AGMH
134,AGNC
135,AGNCL
136,AGNCM
137,AGNCN
138,AGNCO
139,AGNCP
140,AGRI
141,AGRIW
142,AGRX
143,AGYS
144,AHCO
145,AHG
146,AHI
147,AHRN
148,AHRNU
149,AHRNW
150,AIB
151,AIBBR
152,AIH
153,AIHS
154,AIMBU
155,AIMD
156,AIMDW
157,AIP
158,AIRG
159,AIRS
160,AIRT
161,AIRTP
162,AIXI
163,AKAM
164,AKAN
165,AKBA
166,AKLI
167,AKRO
168,AKTS
169,AKTX
170,AKU
171,AKYA
172,ALAR
173,ALBT
174,ALCO
175,ALDX
176,ALEC
177,ALGM
178,ALGN
179,ALGS
180,ALGT
181,ALHC
182,ALIM
183,ALKS
184,ALKT
185,ALLK
186,ALLO
187,ALLR
188,ALLT
189,ALNY
190,ALOR
191,ALORU
192,ALORW
193,ALOT
194,ALPA
195,ALPN
196,ALPP
197,ALPS
198,ALRM
199,ALRN
200,ALRS
201,ALSA
202,ALSAR
203,ALT
204,ALTI
205,ALTIW
206,ALTO
207,ALTR
208,ALTU
209,ALTUW
210,ALVO
211,ALVOW
212,ALVR
213,ALXO
214,ALYA
215,ALZN
216,AMAL
217,AMAM
218,AMAO
219,AMAOW
220,AMAT
221,AMBA
222,AMCX
223,AMD
224,AMED
225,AMEH
226,AMGN
227,AMKR
228,AMLI
229,AMLX
230,AMNB
231,AMOT
232,AMPG
233,AMPGW
234,AMPH
235,AMPL
236,AMRK
237,AMRN
238,AMRS
239,AMSC
240,AMSF
241,AMST
242,AMSWA
243,AMTB
244,AMTI
245,AMTX
246,AMV
247,AMWD
248,AMZN
249,ANAB
250,ANDE
251,ANEB
252,ANGH
253,ANGHW
254,ANGI
255,ANGN
256,ANGO
257,ANIK
258,ANIP
259,ANIX
260,ANNX
261,ANPC
262,ANSS
263,ANTE
264,ANTX
265,ANY
266,ANZU
267,ANZUU
268,ANZUW
269,AOGO
270,AOGOW
271,AOSL
272,AOUT
273,APA
274,APAC
275,APACW
276,APCX
277,APCXW
278,APDN
279,APEI
280,APGN
281,APGNW
282,API
283,APLD
284,APLM
285,APLMW
286,APLS
287,APLT
288,APM
289,APMI
290,APMIW
291,APOG
292,APP
293,APPF
294,APPH
295,APPHW
296,APPN
297,APPS
298,APRE
299,APTM
300,APTMW
301,APTO
302,APTX
303,APVO
304,APWC
305,APXI
306,APXIU
307,APXIW
308,APYX
309,AQB
310,AQMS
311,AQST
312,AQU
313,AQUNR
314,AQUNU
315,ARAV
316,ARAY
317,ARBB
318,ARBE
319,ARBEW
320,ARBG
321,ARBGW
322,ARBK
323,ARBKL
324,ARCB
325,ARCC
326,ARCE
327,ARCT
328,ARDS
329,ARDX
330,AREB
331,AREBW
332,AREC
333,ARGX
334,ARHS
335,ARIZ
336,ARIZR
337,ARIZU
338,ARIZW
339,ARKO
340,ARKOW
341,ARKR
342,ARLP
343,AROW
344,ARQQ
345,ARQQW
346,ARQT
347,ARRW
348,ARRWU
349,ARRWW
350,ARRY
351,ARTE
352,ARTEU
353,ARTEW
354,ARTL
355,ARTLW
356,ARTNA
357,ARTW
358,ARVL
359,ARVN
360,ARWR
361,ARYD
362,ARYE
363,ASCA
364,ASCAR
365,ASCAU
366,ASCB
367,ASLE
368,ASLN
369,ASMB
370,ASML
371,ASND
372,ASNS
373,ASO
374,ASPAU
375,ASPI
376,ASPS
377,ASRT
378,ASRV
379,ASST
380,ASTC
381,ASTE
382,ASTI
383,ASTL
384,ASTLW
385,ASTR
386,ASTS
387,ASTSW
388,ASUR
389,ASYS
390,ATAI
391,ATAK
392,ATAKR
393,ATAKU
394,ATAKW
395,ATAT
396,ATCOL
397,ATCX
398,ATEC
399,ATER
400,ATEX
401,ATHA
402,ATHE
403,ATHX
404,ATIF
405,ATLC
406,ATLCL
407,ATLCP
408,ATLO
409,ATLX
410,ATMC
411,ATMCU
412,ATMCW
413,ATMVR
414,ATMVU
415,ATNF
416,ATNFW
417,ATNI
418,ATNX
419,ATOM
420,ATOS
421,ATRA
422,ATRC
423,ATRI
424,ATRO
425,ATSG
426,ATVI
427,ATXG
428,ATXI
429,ATXS
430,AUBN
431,AUDC
432,AUGX
433,AUID
434,AUPH
435,AUR
436,AURA
437,AURC
438,AURCW
439,AUROW
440,AUTL
441,AUUD
442,AUUDW
443,AUVI
444,AUVIP
445,AVAC
446,AVACW
447,AVAH
448,AVAV
449,AVDL
450,AVDX
451,AVGO
452,AVGR
453,AVHIW
454,AVID
455,AVIR
456,AVNW
457,AVO
458,AVPT
459,AVPTW
460,AVRO
461,AVT
462,AVTA
463,AVTE
464,AVTX
465,AVXL
466,AWH
467,AWIN
468,AWINW
469,AWRE
470,AXDX
471,AXGN
472,AXLA
473,AXNX
474,AXON
475,AXSM
476,AXTI
477,AY
478,AYRO
479,AYTU
480,AZ
481,AZN
482,AZPN
483,AZTA
484,AZYO
485,BACK
486,BAER
487,BAERW
488,BAFN
489,BAND
490,BANF
491,BANFP
492,BANL
493,BANR
494,BANX
495,BAOS
496,BASE
497,BATRA
498,BATRK
499,BBBY
500,BBCP
501,BBGI
502,BBIG
503,BBIO
504,BBLG
505,BBLGW
506,BBSI
507,BCAB
508,BCAN
509,BCBP
510,BCDA
511,BCDAW
512,BCEL
513,BCLI
514,BCML
515,BCOV
516,BCOW
517,BCPC
518,BCRX
519,BCSA
520,BCSAU
521,BCSAW
522,BCTX
523,BCTXW
524,BCYC
525,BDRX
526,BDSX
527,BDTX
528,BEAM
529,BEAT
530,BEATW
531,BECN
532,BEEM
533,BEEMW
534,BELFA
535,BELFB
536,BFC
537,BFI
538,BFIIW
539,BFIN
540,BFRG
541,BFRGW
542,BFRI
543,BFRIW
544,BFST
545,BGCP
546,BGFV
547,BGNE
548,BGRY
549,BGRYW
550,BGXX
551,BHAC
552,BHAT
553,BHF
554,BHFAL
555,BHFAM
556,BHFAN
557,BHFAO
558,BHFAP
559,BIAF
560,BIAFW
561,BIDU
562,BIGC
563,BIIB
564,BILI
565,BIMI
566,BIOC
567,BIOL
568,BIOR
569,BIOS
570,BIOSW
571,BIOX
572,BIRD
573,BITF
574,BIVI
575,BJDX
576,BJRI
577,BKCC
578,BKNG
579,BKR
580,BKSC
581,BKYI
582,BL
583,BLAC
584,BLACR
585,BLACU
586,BLACW
587,BLBD
588,BLBX
589,BLCM
590,BLDE
591,BLDEW
592,BLDP
593,BLEU
594,BLEUR
595,BLEUU
596,BLEUW
597,BLFS
598,BLFY
599,BLIN
600,BLKB
601,BLMN
602,BLNGU
603,BLNGW
604,BLNK
605,BLPH
606,BLRX
607,BLTE
608,BLU
609,BLUE
610,BLZE
611,BMAQ
612,BMAQU
613,BMAQW
614,BMBL
615,BMEA
616,BMR
617,BMRA
618,BMRC
619,BMRN
620,BNGO
621,BNGOW
622,BNIX
623,BNIXR
624,BNIXW
625,BNMV
626,BNNR
627,BNNRU
628,BNNRW
629,BNOX
630,BNR
631,BNRG
632,BNSO
633,BNTC
634,BNTX
635,BOCN
636,BOCNU
637,BOCNW
638,BOKF
639,BOLT
640,BON
641,BOOM
642,BOSC
643,BOTJ
644,BOXL
645,BPAC
646,BPACU
647,BPACW
648,BPMC
649,BPOP
650,BPOPM
651,BPRN
652,BPTH
653,BPTS
654,BPYPM
655,BPYPN
656,BPYPO
657,BPYPP
658,BRAC
659,BRACR
660,BRAG
661,BREA
662,BREZ
663,BREZR
664,BREZW
665,BRFH
666,BRID
667,BRIV
668,BRIVU
669,BRIVW
670,BRKH
671,BRKHW
672,BRKL
673,BRKR
674,BRLI
675,BRLIR
676,BRLIW
677,BRLT
678,BROG
679,BROGW
680,BRP
681,BRQS
682,BRSH
683,BRSHW
684,BRTX
685,BRY
686,BRZE
687,BSBK
688,BSET
689,BSFC
690,BSGM
691,BSQR
692,BSRR
693,BSVN
694,BSY
695,BTAI
696,BTB
697,BTBD
698,BTBDW
699,BTBT
700,BTCS
701,BTCY
702,BTDR
703,BTMD
704,BTMDW
705,BTOG
706,BTTX
707,BTWN
708,BTWNU
709,BTWNW
710,BUSE
711,BVS
712,BVXV
713,BWAC
714,BWACW
715,BWAQR
716,BWAQU
717,BWAQW
718,BWAY
719,BWB
720,BWBBP
721,BWC
722,BWCAU
723,BWCAW
724,BWEN
725,BWFG
726,BWMN
727,BWMX
728,BWV
729,BXRX
730,BYFC
731,BYND
732,BYNO
733,BYNOU
734,BYRN
735,BYSI
736,BYTS
737,BYTSU
738,BYTSW
739,BZ
740,BZFD
741,BZFDW
742,BZUN
743,CAAS
744,CABA
745,CAC
746,CACC
747,CACO
748,CADL
749,CAKE
750,CALB
751,CALM
752,CALT
753,CAMP
754,CAMT
755,CAN
756,CANB
757,CAPR
758,CAR
759,CARA
760,CARE
761,CARG
762,CARM
763,CARV
764,CASA
765,CASH
766,CASI
767,CASS
768,CASY
769,CATC
770,CATY
771,CBAN
772,CBAT
773,CBAY
774,CBFV
775,CBIO
776,CBNK
777,CBRG
778,CBRGW
779,CBRL
780,CBSH
781,CCAI
782,CCAIU
783,CCAIW
784,CCAP
785,CCB
786,CCBG
787,CCCC
788,CCCS
789,CCD
790,CCEP
791,CCLD
792,CCLDO
793,CCLDP
794,CCLP
795,CCNE
796,CCNEP
797,CCOI
798,CCRN
799,CCSI
800,CCTS
801,CCTSW
802,CD
803,CDAQ
804,CDAQU
805,CDAQW
806,CDIO
807,CDIOW
808,CDLX
809,CDMO
810,CDNA
811,CDNS
812,CDRO
813,CDROW
814,CDTX
815,CDW
816,CDXC
817,CDXS
818,CDZI
819,CDZIP
820,CEAD
821,CEADW
822,CECO
823,CEG
824,CELC
825,CELH
826,CELL
827,CELU
828,CELUW
829,CELZ
830,CEMI
831,CENN
832,CENT
833,CENTA
834,CENX
835,CERE
836,CERS
837,CERT
838,CETU
839,CETUU
840,CETX
841,CETXP
842,CETY
843,CEVA
844,CFB
845,CFBK
846,CFFE
847,CFFEW
848,CFFI
849,CFFN
850,CFFS
851,CFFSU
852,CFFSW
853,CFIV
854,CFIVW
855,CFLT
856,CFMS
857,CFRX
858,CFSB
859,CG
860,CGABL
861,CGBD
862,CGC
863,CGEM
864,CGEN
865,CGNT
866,CGNX
867,CGO
868,CGRN
869,CGTX
870,CHCI
871,CHCO
872,CHDN
873,CHEA
874,CHEAU
875,CHEAW
876,CHEF
877,CHEK
878,CHI
879,CHK
880,CHKEL
881,CHKEW
882,CHKEZ
883,CHKP
884,CHMG
885,CHNR
886,CHRD
887,CHRS
888,CHRW
889,CHSCL
890,CHSCM
891,CHSCN
892,CHSCO
893,CHSCP
894,CHSN
895,CHTR
896,CHUY
897,CHW
898,CHX
899,CHY
900,CIDM
901,CIFR
902,CIFRW
903,CIGI
904,CIH
905,CIIG
906,CIIGW
907,CINF
908,CING
909,CINGW
910,CISO
911,CITE
912,CITEW
913,CIVB
914,CIZN
915,CJJD
916,CKPT
917,CLAR
918,CLAY
919,CLAYW
920,CLBK
921,CLBT
922,CLBTW
923,CLDX
924,CLEU
925,CLFD
926,CLGN
927,CLIN
928,CLIR
929,CLLS
930,CLMB
931,CLMT
932,CLNE
933,CLNN
934,CLNNW
935,CLOE
936,CLOER
937,CLOEU
938,CLOV
939,CLPS
940,CLPT
941,CLRB
942,CLRC
943,CLRCR
944,CLRCU
945,CLRCW
946,CLRO
947,CLSD
948,CLSK
949,CLST
950,CLVR
951,CLVRW
952,CLWT
953,CLXT
954,CMAX
955,CMAXW
956,CMBM
957,CMCA
958,CMCAW
959,CMCO
960,CMCSA
961,CMCT
962,CME
963,CMLS
964,CMMB
965,CMND
966,CMPO
967,CMPOW
968,CMPR
969,CMPS
970,CMPX
971,CMRA
972,CMRAW
973,CMRX
974,CMTL
975,CNDT
976,CNET
977,CNEY
978,CNFR
979,CNFRL
980,CNGL
981,CNGLW
982,CNOB
983,CNOBP
984,CNSL
985,CNSP
986,CNTA
987,CNTB
988,CNTG
989,CNTX
990,CNTY
991,CNXA
992,CNXC
993,CNXN
994,COCO
995,COCP
996,CODA
997,CODX
998,COEP
999,COEPW
1000,COFS
1001,COGT
1002,COHU
1003,COIN
1004,COKE
1005,COLB
1006,COLL
1007,COLM
1008,COMM
1009,COMS
1010,COMSP
1011,COMSW
1012,CONN
1013,CONX
1014,CONXW
1015,COOL
1016,COOLU
1017,COOLW
1018,COOP
1019,CORT
1020,COSM
1021,COST
1022,COYA
1023,CPAA
1024,CPAAU
1025,CPAAW
1026,CPHC
1027,CPIX
1028,CPLP
1029,CPOP
1030,CPRT
1031,CPRX
1032,CPSH
1033,CPSI
1034,CPSS
1035,CPTN
1036,CPTNW
1037,CPZ
1038,CRAI
1039,CRBP
1040,CRBU
1041,CRCT
1042,CRDF
1043,CRDL
1044,CRDO
1045,CREC
1046,CRECU
1047,CRECW
1048,CREG
1049,CRESW
1050,CRESY
1051,CREX
1052,CREXW
1053,CRGE
1054,CRGO
1055,CRGOW
1056,CRIS
1057,CRKN
1058,CRMD
1059,CRMT
1060,CRNC
1061,CRNT
1062,CRNX
1063,CRON
1064,CROX
1065,CRSP
1066,CRSR
1067,CRTO
1068,CRUS
1069,CRVL
1070,CRVS
1071,CRWD
1072,CRWS
1073,CSBR
1074,CSCO
1075,CSGP
1076,CSGS
1077,CSII
1078,CSIQ
1079,CSLM
1080,CSLMR
1081,CSPI
1082,CSQ
1083,CSSE
1084,CSSEL
1085,CSSEN
1086,CSSEP
1087,CSTE
1088,CSTL
1089,CSTR
1090,CSWC
1091,CSWI
1092,CSX
1093,CTAS
1094,CTBI
1095,CTG
1096,CTHR
1097,CTIB
1098,CTIC
1099,CTKB
1100,CTLP
1101,CTMX
1102,CTRM
1103,CTRN
1104,CTSH
1105,CTSO
1106,CTXR
1107,CUBA
1108,CUE
1109,CUEN
1110,CUENW
1111,CULL
1112,CURI
1113,CURIW
1114,CUTR
1115,CVAC
1116,CVBF
1117,CVCO
1118,CVCY
1119,CVGI
1120,CVGW
1121,CVKD
1122,CVLG
1123,CVLT
1124,CVLY
1125,CVRX
1126,CVT
1127,CVV
1128,CWBC
1129,CWBR
1130,CWCO
1131,CWST
1132,CXAI
1133,CXAIW
1134,CXDO
1135,CYAD
1136,CYAN
1137,CYBR
1138,CYCC
1139,CYCCP
1140,CYCN
1141,CYN
1142,CYRX
1143,CYT
1144,CYTH
1145,CYTHW
1146,CYTK
1147,CYTO
1148,CYXT
1149,CZFS
1150,CZNC
1151,CZR
1152,CZWI
1153,DADA
1154,DAIO
1155,DAKT
1156,DALN
1157,DALS
1158,DARE
1159,DATS
1160,DATSW
1161,DAVE
1162,DAVEW
1163,DAWN
1164,DBGI
1165,DBGIW
1166,DBTX
1167,DBVT
1168,DBX
1169,DCBO
1170,DCFC
1171,DCFCW
1172,DCGO
1173,DCOM
1174,DCOMP
1175,DCPH
1176,DCTH
1177,DDI
1178,DDOG
1179,DECA
1180,DECAU
1181,DENN
1182,DERM
1183,DFFN
1184,DFLI
1185,DFLIW
1186,DGHI
1187,DGICA
1188,DGICB
1189,DGII
1190,DGLY
1191,DH
1192,DHAC
1193,DHACW
1194,DHC
1195,DHCA
1196,DHCAW
1197,DHCNI
1198,DHCNL
1199,DHIL
1200,DIBS
1201,DICE
1202,DIOD
1203,DISA
1204,DISAW
1205,DISH
1206,DIST
1207,DISTR
1208,DISTW
1209,DJCO
1210,DKDCA
1211,DKDCW
1212,DKNG
1213,DLHC
1214,DLO
1215,DLPN
1216,DLTH
1217,DLTR
1218,DMAC
1219,DMAQR
1220,DMLP
1221,DMRC
1222,DMTK
1223,DNAB
1224,DNAD
1225,DNLI
1226,DNUT
1227,DOCU
1228,DOGZ
1229,DOMH
1230,DOMO
1231,DOOO
1232,DORM
1233,DOX
1234,DOYU
1235,DPCS
1236,DPRO
1237,DRCT
1238,DRCTW
1239,DRIO
1240,DRMA
1241,DRMAW
1242,DRRX
1243,DRS
1244,DRTS
1245,DRTSW
1246,DRTT
1247,DRUG
1248,DRVN
1249,DSEY
1250,DSGN
1251,DSGR
1252,DSGX
1253,DSKE
1254,DSP
1255,DSWL
1256,DTIL
1257,DTOC
1258,DTOCW
1259,DTSS
1260,DTST
1261,DTSTW
1262,DUET
1263,DUNE
1264,DUNEU
1265,DUNEW
1266,DUO
1267,DUOL
1268,DUOT
1269,DVAX
1270,DWAC
1271,DWACU
1272,DWACW
1273,DWSN
1274,DXCM
1275,DXLG
1276,DXPE
1277,DXR
1278,DXYN
1279,DYAI
1280,DYN
1281,DYNT
1282,DZSI
1283,EA
1284,EAC
1285,EACPU
1286,EACPW
1287,EAR
1288,EAST
1289,EBAY
1290,EBC
1291,EBET
1292,EBIX
1293,EBMT
1294,EBON
1295,EBTC
1296,ECBK
1297,ECOR
1298,ECPG
1299,ECX
1300,EDAP
1301,EDBL
1302,EDBLW
1303,EDIT
1304,EDRY
1305,EDSA
1306,EDTK
1307,EDTX
1308,EDTXW
1309,EDUC
1310,EEFT
1311,EEIQ
1312,EFHT
1313,EFHTR
1314,EFHTW
1315,EFOI
1316,EFSC
1317,EFSCP
1318,EFTR
1319,EFTRW
1320,EGAN
1321,EGBN
1322,EGHT
1323,EGIO
1324,EGLX
1325,EGRX
1326,EH
1327,EHTH
1328,EIGR
1329,EJH
1330,EKSO
1331,ELBM
1332,ELDN
1333,ELEV
1334,ELOX
1335,ELSE
1336,ELTK
1337,ELVN
1338,ELYM
1339,ELYS
1340,EM
1341,EMBC
1342,EMBK
1343,EMBKW
1344,EMCG
1345,EMCGR
1346,EMCGU
1347,EMKR
1348,EML
1349,EMLD
1350,EMLDU
1351,EMLDW
1352,ENER
1353,ENERR
1354,ENERW
1355,ENG
1356,ENLT
1357,ENLV
1358,ENOB
1359,ENPH
1360,ENSC
1361,ENSG
1362,ENTA
1363,ENTF
1364,ENTFW
1365,ENTG
1366,ENTX
1367,ENTXW
1368,ENVB
1369,ENVX
1370,EOLS
1371,EOSE
1372,EOSEW
1373,EPIX
1374,EPOW
1375,EPSN
1376,EQ
1377,EQBK
1378,EQIX
1379,EQRX
1380,EQRXW
1381,ERAS
1382,ERES
1383,ERESW
1384,ERIC
1385,ERIE
1386,ERII
1387,ERNA
1388,ERYP
1389,ESAC
1390,ESACW
1391,ESCA
1392,ESEA
1393,ESGR
1394,ESGRO
1395,ESGRP
1396,ESLT
1397,ESOA
1398,ESPR
1399,ESQ
1400,ESSA
1401,ESTA
1402,ETAO
1403,ETNB
1404,ETON
1405,ETSY
1406,EUCR
1407,EUCRW
1408,EUDA
1409,EUDAW
1410,EVAX
1411,EVBG
1412,EVCM
1413,EVER
1414,EVGN
1415,EVGO
1416,EVGOW
1417,EVGR
1418,EVGRW
1419,EVLO
1420,EVLV
1421,EVLVW
1422,EVO
1423,EVOJ
1424,EVOJU
1425,EVOJW
1426,EVOK
1427,EVRG
1428,EVTV
1429,EWBC
1430,EWCZ
1431,EWTX
1432,EXAI
1433,EXAS
1434,EXC
1435,EXEL
1436,EXFY
1437,EXLS
1438,EXPD
1439,EXPE
1440,EXPI
1441,EXPO
1442,EXTR
1443,EYE
1444,EYEN
1445,EYPT
1446,EZFL
1447,EZGO
1448,EZPW
1449,FA
1450,FAMI
1451,FANG
1452,FANH
1453,FARM
1454,FARO
1455,FAST
1456,FAT
1457,FATBB
1458,FATBP
1459,FATBW
1460,FATE
1461,FATP
1462,FATPU
1463,FATPW
1464,FAZE
1465,FBIO
1466,FBIOP
1467,FBIZ
1468,FBMS
1469,FBNC
1470,FBRX
1471,FCAP
1472,FCBC
1473,FCCO
1474,FCEL
1475,FCFS
1476,FCNCA
1477,FCNCO
1478,FCNCP
1479,FCUV
1480,FDBC
1481,FDMT
1482,FDUS
1483,FEAM
1484,FEIM
1485,FELE
1486,FEMY
1487,FENC
1488,FEXD
1489,FEXDR
1490,FEXDW
1491,FFBC
1492,FFIC
1493,FFIE
1494,FFIEW
1495,FFIN
1496,FFIV
1497,FFNW
1498,FFWM
1499,FGBI
1500,FGBIP
1501,FGEN
1502,FGF
1503,FGFPP
1504,FGI
1505,FGIWW
1506,FGMC
1507,FGMCW
1508,FHB
1509,FHTX
1510,FIAC
1511,FIACW
1512,FIBK
1513,FICV
1514,FICVW
1515,FINW
1516,FIP
1517,FISI
1518,FISV
1519,FITB
1520,FITBI
1521,FITBO
1522,FITBP
1523,FIVE
1524,FIVN
1525,FIXX
1526,FIZZ
1527,FKWL
1528,FLEX
1529,FLFVR
1530,FLGC
1531,FLGT
1532,FLIC
1533,FLJ
1534,FLL
1535,FLNC
1536,FLNT
1537,FLUX
1538,FLWS
1539,FLXS
1540,FLYW
1541,FMAO
1542,FMBH
1543,FMIV
1544,FMIVW
1545,FMNB
1546,FNCB
1547,FNCH
1548,FNGR
1549,FNKO
1550,FNLC
1551,FNVT
1552,FNVTU
1553,FNWB
1554,FNWD
1555,FOCS
1556,FOLD
1557,FONR
1558,FORA
1559,FORD
1560,FORLU
1561,FORM
1562,FORR
1563,FORTY
1564,FOSL
1565,FOSLL
1566,FOX
1567,FOXA
1568,FOXF
1569,FPAY
1570,FRAF
1571,FRBA
1572,FRBK
1573,FRBN
1574,FRBNU
1575,FRBNW
1576,FREE
1577,FREEW
1578,FREQ
1579,FRG
1580,FRGAP
1581,FRGI
1582,FRGT
1583,FRHC
1584,FRLA
1585,FRLAU
1586,FRLAW
1587,FRLN
1588,FRME
1589,FRMEP
1590,FROG
1591,FRPH
1592,FRPT
1593,FRSH
1594,FRST
1595,FRSX
1596,FRTX
1597,FRZA
1598,FSBC
1599,FSBW
1600,FSEA
1601,FSFG
1602,FSLR
1603,FSRXW
1604,FSTR
1605,FSV
1606,FTAI
1607,FTAIM
1608,FTAIN
1609,FTAIO
1610,FTAIP
1611,FTCI
1612,FTDR
1613,FTEK
1614,FTFT
1615,FTHM
1616,FTIIW
1617,FTNT
1618,FULC
1619,FULT
1620,FULTP
1621,FUNC
1622,FUND
1623,FUSB
1624,FUSN
1625,FUTU
1626,FUV
1627,FVCB
1628,FWAC
1629,FWBI
1630,FWONA
1631,FWONK
1632,FWRD
1633,FWRG
1634,FXCOR
1635,FXCOW
1636,FXNC
1637,FYBR
1638,GABC
1639,GAIA
1640,GAIN
1641,GAINN
1642,GAINZ
1643,GALT
1644,GAMB
1645,GAMC
1646,GAME
1647,GAN
1648,GANX
1649,GASS
1650,GATE
1651,GATEW
1652,GBBK
1653,GBBKW
1654,GBDC
1655,GBIO
1656,GBNH
1657,GBNY
1658,GBRG
1659,GBRGR
1660,GBRGU
1661,GBRGW
1662,GCBC
1663,GCMG
1664,GCMGW
1665,GCT
1666,GCTK
1667,GDC
1668,GDEN
1669,GDEV
1670,GDEVW
1671,GDHG
1672,GDNR
1673,GDNRW
1674,GDRX
1675,GDS
1676,GDST
1677,GDSTR
1678,GDTC
1679,GDYN
1680,GECC
1681,GECCM
1682,GECCN
1683,GECCO
1684,GEG
1685,GEGGL
1686,GEHC
1687,GEN
1688,GENE
1689,GENQ
1690,GEOS
1691,GERN
1692,GEVO
1693,GFAI
1694,GFAIW
1695,GFGD
1696,GFGDR
1697,GFGDU
1698,GFGDW
1699,GFS
1700,GGAA
1701,GGAAU
1702,GGAAW
1703,GGAL
1704,GGE
1705,GGR
1706,GGROW
1707,GH
1708,GHIX
1709,GHIXW
1710,GHRS
1711,GHSI
1712,GIFI
1713,GIGM
1714,GIII
1715,GILD
1716,GILT
1717,GIPR
1718,GIPRW
1719,GLAD
1720,GLBE
1721,GLBS
1722,GLBZ
1723,GLDD
1724,GLG
1725,GLLI
1726,GLLIR
1727,GLLIW
1728,GLMD
1729,GLNG
1730,GLPG
1731,GLPI
1732,GLRE
1733,GLSI
1734,GLST
1735,GLSTU
1736,GLSTW
1737,GLTO
1738,GLUE
1739,GLYC
1740,GMAB
1741,GMBL
1742,GMBLP
1743,GMBLW
1744,GMDA
1745,GMFI
1746,GMFIU
1747,GMFIW
1748,GMGI
1749,GMVD
1750,GMVDW
1751,GNFT
1752,GNLN
1753,GNLX
1754,GNPX
1755,GNSS
1756,GNTA
1757,GNTX
1758,GNUS
1759,GO
1760,GOCO
1761,GOEV
1762,GOEVW
1763,GOGL
1764,GOGO
1765,GOOD
1766,GOODN
1767,GOODO
1768,GOOG
1769,GOOGL
1770,GOSS
1771,GOVX
1772,GOVXW
1773,GP
1774,GPAC
1775,GPACW
1776,GPCR
1777,GPP
1778,GPRE
1779,GPRO
1780,GRAB
1781,GRABW
1782,GRCL
1783,GRCY
1784,GREE
1785,GREEL
1786,GRFS
1787,GRIL
1788,GRIN
1789,GRNA
1790,GRNAW
1791,GRNQ
1792,GROM
1793,GROMW
1794,GROW
1795,GRPH
1796,GRPN
1797,GRRR
1798,GRRRW
1799,GRTS
1800,GRTX
1801,GRVY
1802,GRWG
1803,GSBC
1804,GSD
1805,GSDWW
1806,GSHD
1807,GSIT
1808,GSM
1809,GSMG
1810,GSMGW
1811,GSRM
1812,GSRMR
1813,GSRMW
1814,GSUN
1815,GT
1816,GTAC
1817,GTACU
1818,GTACW
1819,GTBP
1820,GTEC
1821,GTH
1822,GTHX
1823,GTIM
1824,GTLB
1825,GTX
1826,GTXAP
1827,GURE
1828,GVCI
1829,GVCIW
1830,GVP
1831,GWAV
1832,GWRS
1833,HA
1834,HAFC
1835,HAIA
1836,HAIAW
1837,HAIN
1838,HALL
1839,HALO
1840,HARP
1841,HAS
1842,HAYN
1843,HBAN
1844,HBANL
1845,HBANM
1846,HBANP
1847,HBCP
1848,HBIO
1849,HBNC
1850,HBT
1851,HCAT
1852,HCCI
1853,HCDI
1854,HCDIP
1855,HCDIW
1856,HCDIZ
1857,HCKT
1858,HCM
1859,HCMA
1860,HCMAW
1861,HCNE
1862,HCNEW
1863,HCP
1864,HCSG
1865,HCTI
1866,HCVI
1867,HCVIU
1868,HCVIW
1869,HCWB
1870,HDSN
1871,HEAR
1872,HEES
1873,HELE
1874,HEPA
1875,HEPS
1876,HEXO
1877,HFBL
1878,HFFG
1879,HFWA
1880,HGBL
1881,HGEN
1882,HHGC
1883,HHGCR
1884,HHGCU
1885,HHGCW
1886,HHRS
1887,HHRSW
1888,HHS
1889,HIBB
1890,HIFS
1891,HIHO
1892,HILS
1893,HIMX
1894,HITI
1895,HIVE
1896,HKIT
1897,HLIT
1898,HLMN
1899,HLNE
1900,HLP
1901,HLTH
1902,HLVX
1903,HMAC
1904,HMACR
1905,HMACW
1906,HMNF
1907,HMPT
1908,HMST
1909,HNNA
1910,HNNAZ
1911,HNRG
1912,HNST
1913,HNVR
1914,HOFT
1915,HOFV
1916,HOFVW
1917,HOLI
1918,HOLO
1919,HOLOW
1920,HOLX
1921,HON
1922,HONE
1923,HOOD
1924,HOOK
1925,HOPE
1926,HOTH
1927,HOUR
1928,HOVNP
1929,HOWL
1930,HPCO
1931,HPK
1932,HPKEW
1933,HPLT
1934,HPLTW
1935,HQI
1936,HQY
1937,HRMY
1938,HROW
1939,HROWL
1940,HROWM
1941,HRTX
1942,HRZN
1943,HSAI
1944,HSCS
1945,HSCSW
1946,HSDT
1947,HSIC
1948,HSII
1949,HSKA
1950,HSON
1951,HSPO
1952,HSPOR
1953,HSPOU
1954,HSPOW
1955,HST
1956,HSTM
1957,HSTO
1958,HTBI
1959,HTBK
1960,HTCR
1961,HTGM
1962,HTHT
1963,HTIA
1964,HTIBP
1965,HTLD
1966,HTLF
1967,HTLFP
1968,HTOO
1969,HTOOW
1970,HTZ
1971,HTZWW
1972,HUBC
1973,HUBCW
1974,HUBCZ
1975,HUBG
1976,HUDAR
1977,HUDI
1978,HUGE
1979,HUIZ
1980,HUMA
1981,HUMAW
1982,HURC
1983,HURN
1984,HUT
1985,HVBC
1986,HWBK
1987,HWC
1988,HWCPZ
1989,HWEL
1990,HWELU
1991,HWELW
1992,HWKN
1993,HYFM
1994,HYMC
1995,HYMCL
1996,HYMCW
1997,HYPR
1998,HYW
1999,HYZN
2000,HYZNW
2001,HZNP
2002,IAC
2003,IART
2004,IAS
2005,IBCP
2006,IBEX
2007,IBKR
2008,IBOC
2009,IBRX
2010,IBTX
2011,ICAD
2012,ICCC
2013,ICCH
2014,ICCM
2015,ICFI
2016,ICG
2017,ICHR
2018,ICLK
2019,ICLR
2020,ICMB
2021,ICPT
2022,ICU
2023,ICUCW
2024,ICUI
2025,ICVX
2026,IDAI
2027,IDBA
2028,IDCC
2029,IDEX
2030,IDN
2031,IDXX
2032,IDYA
2033,IEP
2034,IESC
2035,IFBD
2036,IFRX
2037,IGIC
2038,IGICW
2039,IGMS
2040,IGTA
2041,IGTAR
2042,IHRT
2043,III
2044,IIIV
2045,IINN
2046,IINNW
2047,IKNA
2048,IKT
2049,ILAG
2050,ILLM
2051,ILMN
2052,ILPT
2053,IMAB
2054,IMACW
2055,IMAQ
2056,IMAQR
2057,IMAQW
2058,IMBI
2059,IMBIL
2060,IMCC
2061,IMCI
2062,IMCR
2063,IMGN
2064,IMKTA
2065,IMMP
2066,IMMR
2067,IMMX
2068,IMNM
2069,IMNN
2070,IMOS
2071,IMPL
2072,IMPP
2073,IMPPP
2074,IMRN
2075,IMRX
2076,IMTE
2077,IMTX
2078,IMTXW
2079,IMUX
2080,IMV
2081,IMVT
2082,IMXI
2083,INAB
2084,INBK
2085,INBKZ
2086,INBS
2087,INBX
2088,INCR
2089,INCY
2090,INDB
2091,INDI
2092,INDIW
2093,INDP
2094,INDT
2095,INFI
2096,INFN
2097,INGN
2098,INKT
2099,INM
2100,INMB
2101,INMD
2102,INNV
2103,INO
2104,INOD
2105,INPX
2106,INSE
2107,INSG
2108,INSM
2109,INTA
2110,INTC
2111,INTE
2112,INTG
2113,INTR
2114,INTU
2115,INTZ
2116,INVA
2117,INVE
2118,INVO
2119,INVZ
2120,INVZW
2121,INZY
2122,IOAC
2123,IOACW
2124,IOBT
2125,IONM
2126,IONR
2127,IONS
2128,IOSP
2129,IOVA
2130,IPA
2131,IPAR
2132,IPDN
2133,IPGP
2134,IPHA
2135,IPSC
2136,IPVI
2137,IPVIW
2138,IPW
2139,IPWR
2140,IPX
2141,IQ
2142,IQMD
2143,IQMDU
2144,IQMDW
2145,IRAA
2146,IRAAW
2147,IRBT
2148,IRDM
2149,IREN
2150,IRIX
2151,IRMD
2152,IRON
2153,IROQ
2154,IRTC
2155,IRWD
2156,ISEE
2157,ISIG
2158,ISPC
2159,ISPO
2160,ISPOW
2161,ISPR
2162,ISRG
2163,ISRL
2164,ISRLU
2165,ISRLW
2166,ISSC
2167,ISTR
2168,ISUN
2169,ITAQ
2170,ITAQU
2171,ITAQW
2172,ITCI
2173,ITI
2174,ITIC
2175,ITOS
2176,ITRI
2177,ITRM
2178,ITRN
2179,IVA
2180,IVAC
2181,IVCA
2182,IVCAW
2183,IVCB
2184,IVCBW
2185,IVCP
2186,IVCPU
2187,IVDA
2188,IVDAW
2189,IVVD
2190,IXAQ
2191,IXHL
2192,IZEA
2193,IZM
2194,JACK
2195,JAGX
2196,JAKK
2197,JAMF
2198,JAN
2199,JANX
2200,JAQC
2201,JAQCU
2202,JAQCW
2203,JAZZ
2204,JBHT
2205,JBLU
2206,JBSS
2207,JCSE
2208,JCTCF
2209,JD
2210,JEWL
2211,JFBR
2212,JFBRW
2213,JFIN
2214,JFU
2215,JG
2216,JGGC
2217,JGGCR
2218,JGGCU
2219,JGGCW
2220,JJSF
2221,JKHY
2222,JMSB
2223,JNCE
2224,JOAN
2225,JOUT
2226,JRSH
2227,JRVR
2228,JSM
2229,JSPR
2230,JSPRW
2231,JUGG
2232,JUGGW
2233,JUPW
2234,JUPWW
2235,JVA
2236,JWAC
2237,JWACR
2238,JWEL
2239,JXJT
2240,JYNT
2241,JZ
2242,JZXN
2243,KA
2244,KACLR
2245,KALA
2246,KALU
2247,KALV
2248,KARO
2249,KAVL
2250,KBAL
2251,KBNT
2252,KBNTW
2253,KC
2254,KDNY
2255,KDP
2256,KE
2257,KELYA
2258,KELYB
2259,KEQU
2260,KERN
2261,KERNW
2262,KFFB
2263,KFRC
2264,KHC
2265,KIDS
2266,KINS
2267,KIRK
2268,KITT
2269,KITTW
2270,KLAC
2271,KLIC
2272,KLTR
2273,KLXE
2274,KMDA
2275,KNDI
2276,KNSA
2277,KNTE
2278,KOD
2279,KOPN
2280,KOSS
2281,KPLT
2282,KPLTW
2283,KPRX
2284,KPTI
2285,KRBP
2286,KRKR
2287,KRMD
2288,KRNL
2289,KRNLW
2290,KRNT
2291,KRNY
2292,KRON
2293,KROS
2294,KRT
2295,KRTX
2296,KRUS
2297,KRYS
2298,KSCP
2299,KSPN
2300,KTCC
2301,KTOS
2302,KTRA
2303,KTTA
2304,KTTAW
2305,KURA
2306,KVHI
2307,KVSA
2308,KWE
2309,KWESW
2310,KXIN
2311,KYCH
2312,KYCHR
2313,KYCHW
2314,KYMR
2315,KZIA
2316,KZR
2317,LAB
2318,LABP
2319,LAKE
2320,LAMR
2321,LANC
2322,LAND
2323,LANDM
2324,LANDO
2325,LARK
2326,LASE
2327,LASR
2328,LATG
2329,LATGW
2330,LAUR
2331,LAZR
2332,LAZY
2333,LBAI
2334,LBBB
2335,LBBBR
2336,LBBBW
2337,LBC
2338,LBPH
2339,LBRDA
2340,LBRDK
2341,LBRDP
2342,LBTYA
2343,LBTYB
2344,LBTYK
2345,LCA
2346,LCAA
2347,LCAAW
2348,LCAHU
2349,LCAHW
2350,LCFY
2351,LCFYW
2352,LCID
2353,LCNB
2354,LCUT
2355,LE
2356,LECO
2357,LEDS
2358,LEE
2359,LEGH
2360,LEGN
2361,LESL
2362,LEXX
2363,LEXXW
2364,LFAC
2365,LFACW
2366,LFCR
2367,LFLY
2368,LFLYW
2369,LFMD
2370,LFMDP
2371,LFST
2372,LFUS
2373,LFVN
2374,LGHL
2375,LGHLW
2376,LGIH
2377,LGMK
2378,LGND
2379,LGO
2380,LGST
2381,LGSTW
2382,LGVC
2383,LGVCU
2384,LGVCW
2385,LGVN
2386,LI
2387,LIAN
2388,LIBY
2389,LIBYU
2390,LIBYW
2391,LICN
2392,LIDR
2393,LIDRW
2394,LIFE
2395,LIFW
2396,LIFWW
2397,LILA
2398,LILAK
2399,LILM
2400,LILMW
2401,LINC
2402,LIND
2403,LINK
2404,LIPO
2405,LIQT
2406,LITE
2407,LITM
2408,LITT
2409,LITTU
2410,LITTW
2411,LIVB
2412,LIVE
2413,LIVN
2414,LIXT
2415,LIXTW
2416,LIZI
2417,LKCO
2418,LKFN
2419,LKQ
2420,LMAT
2421,LMB
2422,LMDX
2423,LMDXW
2424,LMFA
2425,LMNL
2426,LMNR
2427,LMST
2428,LNKB
2429,LNSR
2430,LNT
2431,LNTH
2432,LNW
2433,LNZA
2434,LNZAW
2435,LOAN
2436,LOCO
2437,LOGI
2438,LOOP
2439,LOPE
2440,LOV
2441,LOVE
2442,LPCN
2443,LPLA
2444,LPRO
2445,LPSN
2446,LPTH
2447,LPTX
2448,LQDA
2449,LQDT
2450,LRCX
2451,LRFC
2452,LRMR
2453,LSAK
2454,LSBK
2455,LSCC
2456,LSDI
2457,LSEA
2458,LSEAW
2459,LSTA
2460,LSTR
2461,LSXMA
2462,LSXMB
2463,LSXMK
2464,LTBR
2465,LTCH
2466,LTCHW
2467,LTRN
2468,LTRPA
2469,LTRPB
2470,LTRX
2471,LTRY
2472,LTRYW
2473,LUCD
2474,LUCY
2475,LUCYW
2476,LULU
2477,LUMO
2478,LUNA
2479,LUNG
2480,LUNR
2481,LUNRW
2482,LUXH
2483,LVAC
2484,LVACU
2485,LVACW
2486,LVLU
2487,LVO
2488,LVOX
2489,LVOXW
2490,LVRO
2491,LVROW
2492,LVTX
2493,LWAY
2494,LWLG
2495,LX
2496,LXEH
2497,LXRX
2498,LYEL
2499,LYFT
2500,LYRA
2501,LYT
2502,LYTS
2503,LZ
2504,MACAW
2505,MACK
2506,MANH
2507,MAPS
2508,MAPSW
2509,MAQCW
2510,MAR
2511,MARA
2512,MARK
2513,MARPS
2514,MARX
2515,MARXU
2516,MASI
2517,MASS
2518,MAT
2519,MATH
2520,MATW
2521,MAXN
2522,MAYS
2523,MBCN
2524,MBIN
2525,MBINM
2526,MBINN
2527,MBINO
2528,MBINP
2529,MBIO
2530,MBLY
2531,MBNKP
2532,MBOT
2533,MBRX
2534,MBTC
2535,MBTCR
2536,MBUU
2537,MBWM
2538,MCAA
2539,MCAC
2540,MCACR
2541,MCAF
2542,MCAFR
2543,MCAFU
2544,MCAGR
2545,MCBC
2546,MCBS
2547,MCFT
2548,MCHP
2549,MCHX
2550,MCLD
2551,MCLDW
2552,MCOM
2553,MCOMW
2554,MCRB
2555,MCRI
2556,MCVT
2557,MDB
2558,MDGL
2559,MDGS
2560,MDGSW
2561,MDIA
2562,MDJH
2563,MDLZ
2564,MDNA
2565,MDRR
2566,MDRRP
2567,MDRX
2568,MDVL
2569,MDWD
2570,MDWT
2571,MDXG
2572,MDXH
2573,ME
2574,MEDP
2575,MEDS
2576,MEGL
2577,MEIP
2578,MEKA
2579,MELI
2580,MEOA
2581,MEOAW
2582,MEOH
2583,MERC
2584,MESA
2585,MESO
2586,META
2587,METC
2588,METCL
2589,METX
2590,METXW
2591,MF
2592,MFH
2593,MFIC
2594,MFIN
2595,MGAM
2596,MGEE
2597,MGI
2598,MGIC
2599,MGIH
2600,MGNI
2601,MGNX
2602,MGOL
2603,MGPI
2604,MGRC
2605,MGRX
2606,MGTA
2607,MGTX
2608,MGYR
2609,MHLD
2610,MHUA
2611,MICS
2612,MIDD
2613,MIGI
2614,MIND
2615,MINDP
2616,MINM
2617,MIRM
2618,MIRO
2619,MIST
2620,MITA
2621,MITK
2622,MKSI
2623,MKTW
2624,MKTX
2625,MKUL
2626,MLAB
2627,MLAC
2628,MLACU
2629,MLACW
2630,MLCO
2631,MLEC
2632,MLECW
2633,MLGO
2634,MLKN
2635,MLTX
2636,MLVF
2637,MLYS
2638,MMAT
2639,MMLP
2640,MMMB
2641,MMSI
2642,MMV
2643,MMVWW
2644,MMYT
2645,MNDO
2646,MNDY
2647,MNKD
2648,MNMD
2649,MNOV
2650,MNPR
2651,MNRO
2652,MNSB
2653,MNSBP
2654,MNST
2655,MNTK
2656,MNTS
2657,MNTSW
2658,MNTV
2659,MNTX
2660,MOB
2661,MOBBW
2662,MOBQ
2663,MOBQW
2664,MOBV
2665,MODD
2666,MODV
2667,MOFG
2668,MOGO
2669,MOLN
2670,MOMO
2671,MOND
2672,MOR
2673,MORF
2674,MORN
2675,MOTS
2676,MOVE
2677,MOXC
2678,MPAA
2679,MPB
2680,MPRA
2681,MPWR
2682,MQ
2683,MRAI
2684,MRAM
2685,MRBK
2686,MRCC
2687,MRCY
2688,MREO
2689,MRIN
2690,MRKR
2691,MRM
2692,MRNA
2693,MRNS
2694,MRSN
2695,MRTN
2696,MRTX
2697,MRUS
2698,MRVI
2699,MRVL
2700,MSBI
2701,MSBIP
2702,MSEX
2703,MSFT
2704,MSGM
2705,MSSA
2706,MSSAR
2707,MSSAW
2708,MSTR
2709,MSVB
2710,MTAC
2711,MTACU
2712,MTACW
2713,MTC
2714,MTCH
2715,MTEK
2716,MTEKW
2717,MTEM
2718,MTEX
2719,MTLS
2720,MTRX
2721,MTRY
2722,MTSI
2723,MTTR
2724,MU
2725,MULN
2726,MURF
2727,MURFW
2728,MVBF
2729,MVIS
2730,MVLA
2731,MVLAW
2732,MVST
2733,MVSTW
2734,MXCT
2735,MXL
2736,MYFW
2737,MYGN
2738,MYMD
2739,MYNA
2740,MYNZ
2741,MYPS
2742,MYPSW
2743,MYRG
2744,MYSZ
2745,
2746,NAAS
2747,NAII
2748,NAMS
2749,NAMSW
2750,NAOV
2751,NARI
2752,NATH
2753,NATI
2754,NATR
2755,NAUT
2756,NAVI
2757,NB
2758,NBIX
2759,NBN
2760,NBRV
2761,NBSE
2762,NBST
2763,NBSTW
2764,NBTB
2765,NBTX
2766,NCAC
2767,NCACW
2768,NCMI
2769,NCNA
2770,NCNO
2771,NCPL
2772,NCPLW
2773,NCRA
2774,NCSM
2775,NCTY
2776,NDAQ
2777,NDLS
2778,NDRA
2779,NDSN
2780,NECB
2781,NEGG
2782,NEO
2783,NEOG
2784,NEON
2785,NEOV
2786,NEOVW
2787,NEPH
2788,NEPT
2789,NERV
2790,NESR
2791,NESRW
2792,NEWT
2793,NEWTL
2794,NEWTZ
2795,NEXI
2796,NEXT
2797,NFBK
2798,NFE
2799,NFLX
2800,NFTG
2801,NGM
2802,NGMS
2803,NH
2804,NHIC
2805,NHTC
2806,NICE
2807,NICK
2808,NIOBW
2809,NIR
2810,NIRWW
2811,NISN
2812,NIU
2813,NKLA
2814,NKSH
2815,NKTR
2816,NKTX
2817,NLSP
2818,NLSPW
2819,NLTX
2820,NMFC
2821,NMIH
2822,NMRD
2823,NMRK
2824,NMTC
2825,NMTR
2826,NN
2827,NNAVW
2828,NNBR
2829,NNDM
2830,NNOX
2831,NODK
2832,NOGN
2833,NOGNW
2834,NOTV
2835,NOVN
2836,NOVT
2837,NOVVR
2838,NOVVW
2839,NPAB
2840,NPABW
2841,NPCE
2842,NRAC
2843,NRACU
2844,NRACW
2845,NRBO
2846,NRC
2847,NRDS
2848,NRIM
2849,NRIX
2850,NRSN
2851,NRSNW
2852,NRXP
2853,NRXPW
2854,NSIT
2855,NSPR
2856,NSSC
2857,NSTG
2858,NSTS
2859,NSYS
2860,NTAP
2861,NTCT
2862,NTES
2863,NTGR
2864,NTIC
2865,NTLA
2866,NTNX
2867,NTRA
2868,NTRB
2869,NTRBW
2870,NTRS
2871,NTRSO
2872,NTWK
2873,NUBI
2874,NURO
2875,NUTX
2876,NUVA
2877,NUVL
2878,NUWE
2879,NUZE
2880,NVAC
2881,NVACR
2882,NVACW
2883,NVAX
2884,NVCR
2885,NVCT
2886,NVDA
2887,NVEC
2888,NVEE
2889,NVEI
2890,NVFY
2891,NVIV
2892,NVMI
2893,NVNO
2894,NVOS
2895,NVTS
2896,NVVE
2897,NVVEW
2898,NVX
2899,NWBI
2900,NWE
2901,NWFL
2902,NWL
2903,NWLI
2904,NWPX
2905,NWS
2906,NWSA
2907,NWTN
2908,NWTNW
2909,NXGL
2910,NXGLW
2911,NXGN
2912,NXL
2913,NXLIW
2914,NXPI
2915,NXPL
2916,NXPLW
2917,NXST
2918,NXT
2919,NXTC
2920,NXTP
2921,NYAX
2922,NYMT
2923,NYMTL
2924,NYMTM
2925,NYMTN
2926,NYMTZ
2927,NYMX
2928,NYXH
2929,OABI
2930,OABIW
2931,OAKUU
2932,OB
2933,OBIO
2934,OBLG
2935,OBNK
2936,OBT
2937,OCAX
2938,OCC
2939,OCCI
2940,OCCIN
2941,OCCIO
2942,OCEA
2943,OCEAW
2944,OCFC
2945,OCFCP
2946,OCG
2947,OCGN
2948,OCS
2949,OCSAW
2950,OCSL
2951,OCTO
2952,OCUL
2953,OCUP
2954,OCX
2955,ODFL
2956,ODP
2957,OESX
2958,OFED
2959,OFIX
2960,OFLX
2961,OFS
2962,OFSSH
2963,OGI
2964,OHAA
2965,OHAAW
2966,OIG
2967,OKTA
2968,OKYO
2969,OLB
2970,OLED
2971,OLIT
2972,OLITU
2973,OLITW
2974,OLK
2975,OLLI
2976,OLMA
2977,OLPX
2978,OM
2979,OMAB
2980,OMCL
2981,OMER
2982,OMEX
2983,OMGA
2984,OMH
2985,OMIC
2986,OMQS
2987,ON
2988,ONB
2989,ONBPO
2990,ONBPP
2991,ONCR
2992,ONCS
2993,ONCT
2994,ONCY
2995,ONDS
2996,ONEW
2997,ONFO
2998,ONFOW
2999,ONTX
3000,ONVO
3001,ONYX
3002,ONYXU
3003,OP
3004,OPAL
3005,OPBK
3006,OPCH
3007,OPEN
3008,OPGN
3009,OPHC
3010,OPI
3011,OPINL
3012,OPK
3013,OPOF
3014,OPRA
3015,OPRT
3016,OPRX
3017,OPT
3018,OPTN
3019,OPXS
3020,ORGN
3021,ORGNW
3022,ORGO
3023,ORGS
3024,ORIA
3025,ORIAW
3026,ORIC
3027,ORLY
3028,ORMP
3029,ORRF
3030,ORTX
3031,OSA
3032,OSAAW
3033,OSBC
3034,OSIS
3035,OSPN
3036,OSS
3037,OST
3038,OSTK
3039,OSUR
3040,OSW
3041,OTEC
3042,OTECW
3043,OTEX
3044,OTLK
3045,OTLY
3046,OTMO
3047,OTMOW
3048,OTRK
3049,OTRKP
3050,OTTR
3051,OVBC
3052,OVID
3053,OVLY
3054,OXAC
3055,OXACW
3056,OXBR
3057,OXBRW
3058,OXLC
3059,OXLCL
3060,OXLCM
3061,OXLCN
3062,OXLCO
3063,OXLCP
3064,OXLCZ
3065,OXSQ
3066,OXSQG
3067,OXSQL
3068,OXSQZ
3069,OXUS
3070,OXUSW
3071,OZK
3072,OZKAP
3073,PAA
3074,PAAS
3075,PACB
3076,PACW
3077,PACWP
3078,PAGP
3079,PAHC
3080,PALI
3081,PALT
3082,PANA
3083,PANL
3084,PANW
3085,PARA
3086,PARAA
3087,PARAP
3088,PASG
3089,PATI
3090,PATK
3091,PAVM
3092,PAVS
3093,PAX
3094,PAYO
3095,PAYOW
3096,PAYS
3097,PAYX
3098,PBAX
3099,PBAXW
3100,PBBK
3101,PBFS
3102,PBHC
3103,PBLA
3104,PBPB
3105,PBTS
3106,PBYI
3107,PCAR
3108,PCB
3109,PCCT
3110,PCCTW
3111,PCH
3112,PCRX
3113,PCSA
3114,PCT
3115,PCTI
3116,PCTTU
3117,PCTTW
3118,PCTY
3119,PCVX
3120,PCYG
3121,PCYO
3122,PDCE
3123,PDCO
3124,PDD
3125,PDEX
3126,PDFS
3127,PDLB
3128,PDSB
3129,PEAR
3130,PEARW
3131,PEBK
3132,PEBO
3133,PECO
3134,PEGA
3135,PEGR
3136,PEGRW
3137,PEGY
3138,PENN
3139,PEP
3140,PEPG
3141,PEPL
3142,PERI
3143,PESI
3144,PET
3145,PETQ
3146,PETS
3147,PETV
3148,PETVW
3149,PETWW
3150,PETZ
3151,PEV
3152,PFBC
3153,PFC
3154,PFG
3155,PFIE
3156,PFIN
3157,PFIS
3158,PFMT
3159,PFSW
3160,PFTA
3161,PFTAU
3162,PFTAW
3163,PFX
3164,PFXNZ
3165,PGC
3166,PGEN
3167,PGNY
3168,PGRW
3169,PGRWU
3170,PGRWW
3171,PGY
3172,PGYWW
3173,PHAR
3174,PHAT
3175,PHIO
3176,PHUN
3177,PHUNW
3178,PHVS
3179,PI
3180,PIII
3181,PIIIW
3182,PIK
3183,PINC
3184,PIRS
3185,PIXY
3186,PKBK
3187,PKOH
3188,PLAB
3189,PLAO
3190,PLAOU
3191,PLAOW
3192,PLAY
3193,PLBC
3194,PLBY
3195,PLCE
3196,PLL
3197,PLMI
3198,PLMIU
3199,PLMIW
3200,PLMR
3201,PLPC
3202,PLRX
3203,PLSE
3204,PLTK
3205,PLTN
3206,PLTNR
3207,PLTNU
3208,PLTNW
3209,PLUG
3210,PLUR
3211,PLUS
3212,PLXS
3213,PLYA
3214,PMCB
3215,PMD
3216,PMGMW
3217,PMN
3218,PMTS
3219,PMVP
3220,PNAC
3221,PNBK
3222,PNFP
3223,PNFPP
3224,PNRG
3225,PNT
3226,PNTG
3227,POAI
3228,POCI
3229,PODD
3230,POET
3231,POLA
3232,POOL
3233,POWI
3234,POWL
3235,POWW
3236,POWWP
3237,PPBI
3238,PPBT
3239,PPC
3240,PPHP
3241,PPHPR
3242,PPHPW
3243,PPIH
3244,PPSI
3245,PPTA
3246,PPYA
3247,PPYAW
3248,PRAA
3249,PRAX
3250,PRCH
3251,PRCT
3252,PRDO
3253,PRDS
3254,PRE
3255,PRENW
3256,PRFT
3257,PRFX
3258,PRGS
3259,PRLD
3260,PRLH
3261,PRLHU
3262,PRME
3263,PROC
3264,PROF
3265,PROK
3266,PROV
3267,PRPH
3268,PRPL
3269,PRPO
3270,PRQR
3271,PRSO
3272,PRSR
3273,PRSRU
3274,PRSRW
3275,PRST
3276,PRSTW
3277,PRTA
3278,PRTC
3279,PRTG
3280,PRTH
3281,PRTK
3282,PRTS
3283,PRVA
3284,PRVB
3285,PSEC
3286,PSHG
3287,PSMT
3288,PSNL
3289,PSNY
3290,PSNYW
3291,PSTV
3292,PSTX
3293,PT
3294,PTC
3295,PTCT
3296,PTE
3297,PTEN
3298,PTGX
3299,PTHR
3300,PTHRU
3301,PTHRW
3302,PTIX
3303,PTIXW
3304,PTLO
3305,PTMN
3306,PTON
3307,PTPI
3308,PTRA
3309,PTRS
3310,PTSI
3311,PTVE
3312,PTWO
3313,PTWOW
3314,PUBM
3315,PUCK
3316,PUCKW
3317,PULM
3318,PUYI
3319,PVBC
3320,PWFL
3321,PWOD
3322,PWP
3323,PWUP
3324,PWUPU
3325,PWUPW
3326,PXLW
3327,PXMD
3328,PXS
3329,PXSAP
3330,PXSAW
3331,PYCR
3332,PYPD
3333,PYPL
3334,PYR
3335,PYXS
3336,PZZA
3337,QCOM
3338,QCRH
3339,QDEL
3340,QDRO
3341,QDROU
3342,QDROW
3343,QFIN
3344,QH
3345,QIPT
3346,QLGN
3347,QLI
3348,QLYS
3349,QMCO
3350,QNCX
3351,QNRX
3352,QNST
3353,QOMO
3354,QOMOR
3355,QOMOW
3356,QQQX
3357,QRHC
3358,QRTEA
3359,QRTEB
3360,QRTEP
3361,QRVO
3362,QSG
3363,QSI
3364,QSIAW
3365,QTEK
3366,QTEKW
3367,QTRX
3368,QUBT
3369,QUIK
3370,QURE
3371,RADI
3372,RAIL
3373,RAIN
3374,RAND
3375,RANI
3376,RAPT
3377,RARE
3378,RAVE
3379,RAYA
3380,RBB
3381,RBBN
3382,RBCAA
3383,RBKB
3384,RCAC
3385,RCACU
3386,RCACW
3387,RCAT
3388,RCEL
3389,RCKT
3390,RCKTW
3391,RCKY
3392,RCLF
3393,RCLFU
3394,RCLFW
3395,RCM
3396,RCMT
3397,RCON
3398,RCRT
3399,RCRTW
3400,RDCM
3401,RDFN
3402,RDHL
3403,RDI
3404,RDIB
3405,RDNT
3406,RDVT
3407,RDWR
3408,REAL
3409,REAX
3410,REBN
3411,REE
3412,REFI
3413,REFR
3414,REG
3415,REGN
3416,REKR
3417,RELI
3418,RELIW
3419,RELL
3420,RELY
3421,RENE
3422,RENEU
3423,RENEW
3424,RENT
3425,REPL
3426,RETA
3427,RETO
3428,REUN
3429,REVB
3430,REVBW
3431,REYN
3432,RFAC
3433,RFACR
3434,RFIL
3435,RGC
3436,RGCO
3437,RGEN
3438,RGF
3439,RGLD
3440,RGLS
3441,RGNX
3442,RGP
3443,RGTI
3444,RGTIW
3445,RIBT
3446,RICK
3447,RIDE
3448,RIGL
3449,RILY
3450,RILYG
3451,RILYK
3452,RILYL
3453,RILYM
3454,RILYN
3455,RILYO
3456,RILYP
3457,RILYT
3458,RILYZ
3459,RIOT
3460,RIVN
3461,RKDA
3462,RKLB
3463,RLAY
3464,RLMD
3465,RLYB
3466,RMBI
3467,RMBL
3468,RMBS
3469,RMCF
3470,RMGC
3471,RMGCW
3472,RMNI
3473,RMR
3474,RMTI
3475,RNA
3476,RNAZ
3477,RNLX
3478,RNST
3479,RNW
3480,RNWWW
3481,RNXT
3482,ROAD
3483,ROC
3484,ROCAR
3485,ROCC
3486,ROCG
3487,ROCGW
3488,ROCK
3489,ROCL
3490,ROCLW
3491,ROIC
3492,ROIV
3493,ROIVW
3494,ROKU
3495,ROOT
3496,ROSE
3497,ROSEW
3498,ROST
3499,ROVR
3500,RPAY
3501,RPD
3502,RPHM
3503,RPID
3504,RPRX
3505,RPTX
3506,RRBI
3507,RRGB
3508,RRR
3509,RSLS
3510,RSSS
3511,RSVR
3512,RSVRW
3513,RTC
3514,RTL
3515,RTLPO
3516,RTLPP
3517,RUM
3518,RUMBW
3519,RUN
3520,RUSHA
3521,RUSHB
3522,RUTH
3523,RVLP
3524,RVMD
3525,RVNC
3526,RVPH
3527,RVPHW
3528,RVSB
3529,RVSN
3530,RVSNW
3531,RVYL
3532,RWAY
3533,RWAYL
3534,RWAYZ
3535,RWLK
3536,RWOD
3537,RWODU
3538,RXDX
3539,RXRX
3540,RXST
3541,RXT
3542,RYAAY
3543,RYTM
3544,RZLT
3545,SABR
3546,SABRP
3547,SABS
3548,SABSW
3549,SAFT
3550,SAGA
3551,SAGAR
3552,SAGE
3553,SAI
3554,SAIA
3555,SAITW
3556,SAL
3557,SALM
3558,SAMA
3559,SAMAU
3560,SAMAW
3561,SAMG
3562,SANA
3563,SANG
3564,SANM
3565,SANW
3566,SASI
3567,SASR
3568,SATL
3569,SATLW
3570,SATS
3571,SAVA
3572,SBAC
3573,SBCF
3574,SBET
3575,SBFG
3576,SBFM
3577,SBFMW
3578,SBGI
3579,SBIG
3580,SBIGW
3581,SBLK
3582,SBRA
3583,SBSI
3584,SBT
3585,SBUX
3586,SCAQ
3587,SCAQW
3588,SCHL
3589,SCHN
3590,SCKT
3591,SCLX
3592,SCLXW
3593,SCOR
3594,SCPH
3595,SCPL
3596,SCRM
3597,SCRMU
3598,SCRMW
3599,SCSC
3600,SCTL
3601,SCVL
3602,SCWO
3603,SCWX
3604,SCYX
3605,SDAC
3606,SDACU
3607,SDACW
3608,SDC
3609,SDGR
3610,SDIG
3611,SEAC
3612,SEAT
3613,SECO
3614,SEDG
3615,SEED
3616,SEEL
3617,SEER
3618,SEIC
3619,SELB
3620,SELF
3621,SENEA
3622,SENEB
3623,SEPA
3624,SEPAW
3625,SERA
3626,SEV
3627,SEVN
3628,SFBC
3629,SFE
3630,SFIX
3631,SFM
3632,SFNC
3633,SFR
3634,SFRWW
3635,SFST
3636,SFT
3637,SFWL
3638,SGA
3639,SGBX
3640,SGC
3641,SGEN
3642,SGH
3643,SGHL
3644,SGHLW
3645,SGHT
3646,SGIIW
3647,SGLY
3648,SGMA
3649,SGML
3650,SGMO
3651,SGRP
3652,SGRY
3653,SGTX
3654,SHBI
3655,SHC
3656,SHCR
3657,SHCRW
3658,SHEN
3659,SHFS
3660,SHFSW
3661,SHIP
3662,SHLS
3663,SHLT
3664,SHOO
3665,SHPH
3666,SHUA
3667,SHUAW
3668,SHYF
3669,SIBN
3670,SIDU
3671,SIEB
3672,SIEN
3673,SIFY
3674,SIGA
3675,SIGI
3676,SIGIP
3677,SILC
3678,SILK
3679,SILO
3680,SIMO
3681,SINT
3682,SIRI
3683,SISI
3684,SITM
3685,SJ
3686,SKGR
3687,SKGRU
3688,SKGRW
3689,SKIN
3690,SKWD
3691,SKYA
3692,SKYAU
3693,SKYAW
3694,SKYT
3695,SKYW
3696,SKYX
3697,SLAB
3698,SLAC
3699,SLACU
3700,SLACW
3701,SLAM
3702,SLAMU
3703,SLAMW
3704,SLDB
3705,SLDP
3706,SLDPW
3707,SLGC
3708,SLGCW
3709,SLGG
3710,SLGL
3711,SLM
3712,SLMBP
3713,SLN
3714,SLNA
3715,SLNAW
3716,SLNG
3717,SLNH
3718,SLNHP
3719,SLNO
3720,SLP
3721,SLRC
3722,SLRX
3723,SLS
3724,SLVR
3725,SLVRU
3726,SLVRW
3727,SMAP
3728,SMAPW
3729,SMBC
3730,SMBK
3731,SMCI
3732,SMFL
3733,SMID
3734,SMLR
3735,SMMF
3736,SMMT
3737,SMPL
3738,SMSI
3739,SMTC
3740,SMTI
3741,SMX
3742,SMXWW
3743,SNAL
3744,SNAX
3745,SNAXW
3746,SNBR
3747,SNCE
3748,SNCR
3749,SNCRL
3750,SNCY
3751,SND
3752,SNDL
3753,SNDX
3754,SNES
3755,SNEX
3756,SNFCA
3757,SNGX
3758,SNOA
3759,SNPO
3760,SNPS
3761,SNPX
3762,SNRH
3763,SNRHU
3764,SNRHW
3765,SNSE
3766,SNT
3767,SNTG
3768,SNTI
3769,SNY
3770,SOBR
3771,SOFI
3772,SOFO
3773,SOHO
3774,SOHOB
3775,SOHON
3776,SOHOO
3777,SOHU
3778,SOLO
3779,SOLOW
3780,SOND
3781,SONDW
3782,SONM
3783,SONN
3784,SONO
3785,SOPA
3786,SOPH
3787,SOTK
3788,SOUN
3789,SOUNW
3790,SOVO
3791,SP
3792,SPCB
3793,SPCM
3794,SPCMU
3795,SPCMW
3796,SPFI
3797,SPI
3798,SPLK
3799,SPNS
3800,SPOK
3801,SPPI
3802,SPRB
3803,SPRC
3804,SPRO
3805,SPRY
3806,SPSC
3807,SPT
3808,SPTN
3809,SPWH
3810,SPWR
3811,SQFT
3812,SQFTP
3813,SQFTW
3814,SQL
3815,SQLLW
3816,SRAD
3817,SRCE
3818,SRCL
3819,SRDX
3820,SRGA
3821,SRPT
3822,SRRK
3823,SRTS
3824,SRZN
3825,SSB
3826,SSBI
3827,SSBK
3828,SSIC
3829,SSKN
3830,SSNC
3831,SSNT
3832,SSP
3833,SSRM
3834,SSSS
3835,SSSSL
3836,SSTI
3837,SSYS
3838,STAA
3839,STAF
3840,STBA
3841,STBX
3842,STCN
3843,STEL
3844,STEP
3845,STER
3846,STGW
3847,STHO
3848,STIM
3849,STIX
3850,STIXW
3851,STKH
3852,STKL
3853,STKS
3854,STLD
3855,STNE
3856,STOK
3857,STRA
3858,STRC
3859,STRCW
3860,STRL
3861,STRM
3862,STRO
3863,STRR
3864,STRRP
3865,STRS
3866,STRT
3867,STSA
3868,STSS
3869,STTK
3870,STX
3871,SUMO
3872,SUNW
3873,SUPN
3874,SURF
3875,SURG
3876,SURGW
3877,SVC
3878,SVFD
3879,SVII
3880,SVIIU
3881,SVNA
3882,SVNAW
3883,SVRA
3884,SVRE
3885,SVVC
3886,SWAG
3887,SWAGW
3888,SWAV
3889,SWBI
3890,SWIM
3891,SWKH
3892,SWKS
3893,SWSS
3894,SWSSU
3895,SWSSW
3896,SWTX
3897,SWVL
3898,SWVLW
3899,SXTC
3900,SY
3901,SYBT
3902,SYBX
3903,SYM
3904,SYNA
3905,SYNH
3906,SYPR
3907,SYRS
3908,SYT
3909,SYTA
3910,SZZL
3911,SZZLW
3912,TA
3913,TACT
3914,TAIT
3915,TALK
3916,TALKW
3917,TALS
3918,TANH
3919,TANNI
3920,TANNL
3921,TANNZ
3922,TAOP
3923,TARA
3924,TARS
3925,TASK
3926,TAST
3927,TATT
3928,TAYD
3929,TBBK
3930,TBCP
3931,TBCPU
3932,TBCPW
3933,TBIO
3934,TBLA
3935,TBLAW
3936,TBLD
3937,TBLT
3938,TBLTW
3939,TBMCU
3940,TBNK
3941,TBPH
3942,TC
3943,TCBC
3944,TCBI
3945,TCBIO
3946,TCBK
3947,TCBP
3948,TCBPW
3949,TCBS
3950,TCBX
3951,TCFC
3952,TCMD
3953,TCOM
3954,TCON
3955,TCPC
3956,TCRR
3957,TCRT
3958,TCRX
3959,TCX
3960,TDUP
3961,TEAM
3962,TECH
3963,TECTP
3964,TEDU
3965,TELA
3966,TENB
3967,TENK
3968,TENKR
3969,TENX
3970,TER
3971,TERN
3972,TESS
3973,TETE
3974,TFFP
3975,TFIN
3976,TFINP
3977,TFSL
3978,TGAA
3979,TGAAW
3980,TGAN
3981,TGL
3982,TGTX
3983,TGVC
3984,TGVCU
3985,TH
3986,THCH
3987,THCHW
3988,THCP
3989,THCPW
3990,THFF
3991,THMO
3992,THRD
3993,THRM
3994,THRN
3995,THRX
3996,THRY
3997,THTX
3998,THWWW
3999,TIG
4000,TIGO
4001,TIGR
4002,TIL
4003,TILE
4004,TIO
4005,TIOA
4006,TIOAU
4007,TIOAW
4008,TIPT
4009,TIRX
4010,TITN
4011,TIVC
4012,TKLF
4013,TKNO
4014,TLF
4015,TLGY
4016,TLGYW
4017,TLIS
4018,TLRY
4019,TLS
4020,TLSA
4021,TMC
4022,TMCI
4023,TMCWW
4024,TMDX
4025,TMKR
4026,TMPO
4027,TMPOW
4028,TMTCU
4029,TMUS
4030,TNDM
4031,TNGX
4032,TNON
4033,TNXP
4034,TNYA
4035,TOAC
4036,TOACW
4037,TOI
4038,TOIIW
4039,TOMZ
4040,TOP
4041,TOPS
4042,TORO
4043,TOUR
4044,TOWN
4045,TPG
4046,TPIC
4047,TPST
4048,TRDA
4049,TREE
4050,TRHC
4051,TRIB
4052,TRIN
4053,TRINL
4054,TRIP
4055,TRKA
4056,TRKAW
4057,TRMB
4058,TRMD
4059,TRMK
4060,TRMR
4061,TRNS
4062,TRON
4063,TRONU
4064,TRONW
4065,TROO
4066,TROW
4067,TRS
4068,TRST
4069,TRUE
4070,TRUP
4071,TRVG
4072,TRVI
4073,TRVN
4074,TSAT
4075,TSBK
4076,TSCO
4077,TSEM
4078,TSHA
4079,TSLA
4080,TSP
4081,TSRI
4082,TSVT
4083,TTCF
4084,TTD
4085,TTEC
4086,TTEK
4087,TTGT
4088,TTMI
4089,TTNP
4090,TTOO
4091,TTSH
4092,TTWO
4093,TURN
4094,TUSK
4095,TVTX
4096,TW
4097,TWCB
4098,TWCBU
4099,TWCBW
4100,TWIN
4101,TWKS
4102,TWLV
4103,TWLVW
4104,TWNK
4105,TWOU
4106,TWST
4107,TXG
4108,TXMD
4109,TXN
4110,TXRH
4111,TYRA
4112,TZOO
4113,UAL
4114,UBCP
4115,UBFO
4116,UBSI
4117,UBX
4118,UCBI
4119,UCBIO
4120,UCL
4121,UCTT
4122,UDMY
4123,UEIC
4124,UFCS
4125,UFPI
4126,UFPT
4127,UG
4128,UGRO
4129,UHG
4130,UHGWW
4131,UIHC
4132,UK
4133,UKOMW
4134,ULBI
4135,ULCC
4136,ULH
4137,ULTA
4138,UMBF
4139,UNAM
4140,UNB
4141,UNCY
4142,UNIT
4143,UNTY
4144,UONE
4145,UONEK
4146,UPBD
4147,UPC
4148,UPLD
4149,UPST
4150,UPWK
4151,UPXI
4152,URBN
4153,URGN
4154,UROY
4155,USAP
4156,USAU
4157,USCB
4158,USCT
4159,USCTW
4160,USEA
4161,USEG
4162,USIO
4163,USLM
4164,UTAA
4165,UTAAU
4166,UTAAW
4167,UTHR
4168,UTMD
4169,UTME
4170,UTRS
4171,UTSI
4172,UVSP
4173,UXIN
4174,VABK
4175,VACC
4176,VALN
4177,VALU
4178,VANI
4179,VAQC
4180,VAXX
4181,VBFC
4182,VBIV
4183,VBLT
4184,VBNK
4185,VBOC
4186,VBOCW
4187,VBTX
4188,VC
4189,VCEL
4190,VCIG
4191,VCNX
4192,VCSA
4193,VCTR
4194,VCXA
4195,VCXAU
4196,VCXAW
4197,VCYT
4198,VECO
4199,VECT
4200,VEDU
4201,VEEE
4202,VEON
4203,VERA
4204,VERB
4205,VERBW
4206,VERI
4207,VERO
4208,VERU
4209,VERV
4210,VERX
4211,VERY
4212,VEV
4213,VFF
4214,VGAS
4215,VGASW
4216,VHNA
4217,VIA
4218,VIASP
4219,VIAV
4220,VICR
4221,VIEW
4222,VIEWW
4223,VIGL
4224,VII
4225,VIIAW
4226,VINC
4227,VINO
4228,VINP
4229,VIOT
4230,VIR
4231,VIRC
4232,VIRI
4233,VIRT
4234,VIRX
4235,VISL
4236,VITL
4237,VIVK
4238,VJET
4239,VKTX
4240,VLAT
4241,VLATW
4242,VLCN
4243,VLGEA
4244,VLON
4245,VLY
4246,VLYPO
4247,VLYPP
4248,VMAR
4249,VMCA
4250,VMCAW
4251,VMD
4252,VMEO
4253,VMGA
4254,VMGAW
4255,VNDA
4256,VNET
4257,VNOM
4258,VOD
4259,VOR
4260,VOXR
4261,VOXX
4262,VQS
4263,VRA
4264,VRAR
4265,VRAX
4266,VRAY
4267,VRCA
4268,VRDN
4269,VREX
4270,VRM
4271,VRME
4272,VRMEW
4273,VRNA
4274,VRNS
4275,VRNT
4276,VRPX
4277,VRRM
4278,VRSK
4279,VRSN
4280,VRTS
4281,VRTX
4282,VS
4283,VSAC
4284,VSACW
4285,VSAT
4286,VSEC
4287,VSSYW
4288,VSTA
4289,VSTM
4290,VTGN
4291,VTNR
4292,VTRS
4293,VTRU
4294,VTSI
4295,VTVT
4296,VTYX
4297,VUZI
4298,VVOS
4299,VVPR
4300,VWE
4301,VXRT
4302,VYGR
4303,VYNE
4304,VYNT
4305,WABC
4306,WAFD
4307,WAFDP
4308,WAFU
4309,WALD
4310,WALDW
4311,WASH
4312,WATT
4313,WAVD
4314,WAVE
4315,WAVS
4316,WAVSU
4317,WAVSW
4318,WB
4319,WBA
4320,WBD
4321,WDAY
4322,WDC
4323,WDFC
4324,WEJO
4325,WEJOW
4326,WEN
4327,WERN
4328,WEST
4329,WESTW
4330,WETG
4331,WEYS
4332,WFCF
4333,WFRD
4334,WGS
4335,WGSWW
4336,WHF
4337,WHLM
4338,WHLR
4339,WHLRD
4340,WHLRL
4341,WHLRP
4342,WILC
4343,WIMI
4344,WINA
4345,WING
4346,WINT
4347,WINV
4348,WINVR
4349,WINVW
4350,WIRE
4351,WISA
4352,WISH
4353,WIX
4354,WKEY
4355,WKHS
4356,WKME
4357,WKSP
4358,WKSPW
4359,WLDN
4360,WLDS
4361,WLDSW
4362,WLFC
4363,WMG
4364,WMPN
4365,WNEB
4366,WNW
4367,WOOF
4368,WORX
4369,WPRT
4370,WRAP
4371,WRLD
4372,WSBC
4373,WSBCP
4374,WSBF
4375,WSC
4376,WSFS
4377,WTBA
4378,WTER
4379,WTFC
4380,WTFCM
4381,WTFCP
4382,WTMA
4383,WTMAR
4384,WTW
4385,WULF
4386,WVE
4387,WVVI
4388,WVVIP
4389,WW
4390,WWAC
4391,WWACU
4392,WWD
4393,WYNN
4394,XAIR
4395,XBIO
4396,XBIOW
4397,XBIT
4398,XCUR
4399,XEL
4400,XELA
4401,XELAP
4402,XELB
4403,XENE
4404,XERS
4405,XFIN
4406,XFINW
4407,XFOR
4408,XGN
4409,XLO
4410,XM
4411,XMTR
4412,XNCR
4413,XNET
4414,XOMA
4415,XOMAO
4416,XOMAP
4417,XOS
4418,XOSWW
4419,XP
4420,XPAX
4421,XPAXU
4422,XPAXW
4423,XPDB
4424,XPDBW
4425,XPEL
4426,XPON
4427,XRAY
4428,XRTX
4429,XRX
4430,XTLB
4431,XWEL
4432,XXII
4433,YELL
4434,YGF
4435,YGMZ
4436,YI
4437,YJ
4438,YMAB
4439,YORW
4440,YOSH
4441,YOTA
4442,YOTAR
4443,YOTAU
4444,YOTAW
4445,YQ
4446,YS
4447,YSBPW
4448,YTEN
4449,YTRA
4450,YVR
4451,YY
4452,Z
4453,ZBRA
4454,ZCMD
4455,ZD
4456,ZENV
4457,ZEUS
4458,ZFOX
4459,ZFOXW
4460,ZG
4461,ZI
4462,ZIMV
4463,ZING
4464,ZINGW
4465,ZION
4466,ZIONL
4467,ZIONO
4468,ZIONP
4469,ZIVO
4470,ZIVOW
4471,ZJYL
4472,ZKIN
4473,ZLAB
4474,ZM
4475,ZNTL
4476,ZS
4477,ZT
4478,ZTAQU
4479,ZTAQW
4480,ZTEK
4481,ZUMZ
4482,ZURA
4483,ZURAW
4484,ZVRA
4485,ZVSA
4486,ZYME
4487,ZYNE
4488,ZYXI
